{
    "paymentDetails": [{
        "cover": "Basic Cover",
        "lossType": "Loss Type",
        "date": "2013-09-16T18:30:00.000+0000",
        "amount": "24489",
        "settled": "2013",
        "outstandingAmount": "7612"
    }],
    "PaymentReview": [{
        "requestedPersonName": "test name",
        "cover": "Basic Cover",
        "amount": "24489",
        "settled": "2013",
        "outstandingAmount": "7612"
    }],
    "PaymentApprovel": [{
        "requestedPersonName": "test name",
        "cover": "Basic Cover",
        "amount": "24489526",
        "settled": "2013256",
        "outstandingAmount": "7612"
    }]

}