{
    "department": {
        "055": "Human Resource"
    },
    "division": {
        "055": "Dubai Branch"
    },
    "statusTypes": {
        "A": "Open",
        "CWIP": "Open",
        "GINP": "Invoice in Progress",
        "GINS": "Invoice Submitted",
        "FP": "Intimation Pending",
        "FR": "Open",
        "SA": "Closed",
        "P": "Open",
        "IFR": "Open",
        "IA": "Open",
        "FWIP": "Intimation WIP",
        "GA": "Open",
        "SFR": "WIP",
        "GFQP": "Final Quote in Progress",
        "CC": "Open",
        "GFQS": "Final Quote Submitted",
        "GIQP": "Initial Quote in Progress",
        "CD": "Claim Declined",
        "CE": "Claim Declined",
        "CF": "Suspected Fraud Claim ",
        "CP1": "Open",
        "GIQS": "Initial Quote Submitted",
        "CL": "Claim Closed",
        "GRQP": "Revised Quote in Progress",
        "GRQS": "Revised Quote Submitted",
        "CR": "Open",
        "ECL": "Expense Closed",
        "CS": "Open",
        "ICL": "Indemnity Closed",
        "IIR": "Open",
        "PCL": "Partially Closed",
        "RCL": "Recovery Closed",
        "RO": "Open",
        "SIR": "Pending",
        "FE": "Intimation Declined"
    },
    "workerTypes": null,
    "sponsorTypes": {
        "117079": null,
        "117080": "Uae Traders",
        "117081": null,
        "117082": "Aldar Properties",
        "117083": null,
        "117084": "Julphar",
        "117085": null,
        "117086": "Tamweel",
        "117087": "Mr Mr Mr Jamal Ali,,,, Sdsd",
        "117088": null,
        "117089": null,
        "117090": "Warid Telecom",
        "117091": null,
        "117092": "Noor Takaful",
        "117093": null,
        "117094": "First Run Rsa",
        "117096": "Aramex",
        "117097": null,
        "117098": "Julphara",
        "117099": null,
        "117100": "Julphara",
        "117101": null,
        "117102": "Al Ghurair Group",
        "117103": null,
        "117104": "Dp World",
        "117105": null,
        "117106": "Spacetoon",
        "117107": "Mrs Karim Unissa,, Trs,,",
        "117108": null,
        "117110": null,
        "117111": "Mr Mr Jaffar Bassam,,,bld 585, Zxzx",
        "117112": null,
        "117113": null,
        "117114": "Rakbank",
        "117115": null,
        "117116": "Rental Cabs",
        "117117": null,
        "117118": "Etisalat",
        "117119": null,
        "117120": "Dubai Holding",
        "117121": null,
        "117122": "Dar Al Publishing",
        "117124": "Popeyes - Chicken & Sea Food 100411",
        "117125": null,
        "117126": "Dana Gas",
        "117128": null,
        "117129": "Rabkop",
        "117130": null,
        "117132": null,
        "117133": null,
        "117134": "Card Cutters",
        "117135": null,
        "117136": "Fugenx Technologies",
        "117137": null,
        "117138": "Soft Care Computers",
        "117139": "Behrain Traders",
        "117140": null,
        "117141": null,
        "117142": null,
        "117144": "Bin Salmeen Computers",
        "117145": null,
        "117146": null,
        "117147": null,
        "117148": null,
        "117149": null,
        "117150": null,
        "117151": null,
        "117152": null,
        "117153": null,
        "117154": null,
        "117155": null,
        "117156": null,
        "117157": null,
        "117158": null,
        "117159": null,
        "117160": null,
        "117161": null,
        "117162": null,
        "117163": null,
        "117164": null,
        "117165": null,
        "117166": null,
        "117167": null,
        "117168": null,
        "117169": null,
        "117170": "Juma Fadhil Metal Industries Co Llc",
        "117172": null,
        "117173": null,
        "117174": null,
        "117175": null,
        "117177": "Behrain Tradersa",
        "117178": null,
        "117182": null,
        "117183": null,
        "117184": "Alf Soft",
        "117185": null,
        "117188": "Avenue Car Rentals & Limousines",
        "117190": null,
        "117191": "Anna Isac,,",
        "117192": null,
        "117194": "Positive Star Buses & Car Rental",
        "117195": null,
        "117197": "Ramesh Kumar",
        "117202": "Mr Babar Azam,vhjvhjvhjv,",
        "117203": "Alba",
        "117205": "Gag Elsopher",
        "117206": null,
        "117207": null,
        "117210": null,
        "117211": null,
        "117213": "Newboy",
        "117217": null,
        "117218": "Al Ras Car & Bus Rental Llc 100091",
        "117220": "Mr Imran Khan,2441,manama",
        "117221": null,
        "117223": "Dubai Trading",
        "117224": null,
        "117225": null,
        "117226": null,
        "117227": "Shanghai Surprise Chinese Restaurant",
        "117228": null,
        "117229": "Tawasul Taxi",
        "117231": null,
        "117232": "Juma Fadhil Metal Industries Co Llc",
        "117233": null,
        "117234": null,
        "117235": null,
        "117238": null,
        "117239": "Mansoor",
        "117240": null,
        "117241": null,
        "117242": "Al Ghazal Taxi",
        "117244": null,
        "117245": null,
        "117246": "Alpine Metals Fzco",
        "117247": null,
        "117249": null,
        "117253": null,
        "117267": null,
        "117268": null,
        "117270": null,
        "117274": "Hankook Korean Restaurant",
        "117276": "Baburchi Restaurant",
        "117278": "Classic Metal Coating Llc",
        "117279": null,
        "117280": "Ghosh Metal Industries Llc",
        "117281": "Abu Dhabi Trading",
        "117282": null,
        "117284": null,
        "117286": null,
        "117288": null,
        "117290": null,
        "117291": "Al Madeena Al Thahbiah Metal Coating",
        "117293": "Test Customer 0001",
        "117294": "Test Customer 0002",
        "117297": "Mr Shahid Abdulla,,,bld 585,,bld 585,",
        "117298": null,
        "117299": null,
        "117300": null,
        "117301": "Test Customer 004",
        "117302": null,
        "117303": "Jaffer Hussain",
        "117304": null,
        "117305": null,
        "117306": null,
        "117307": null,
        "117309": "Blue Sea Metal Scrap Trading Llc",
        "117311": "Al Ain Technical Metal Industries Est 100091",
        "117362": null,
        "117363": "Mashreqbank",
        "117365": null,
        "117367": null,
        "117368": "Metal Fascination Llc",
        "117370": null,
        "117374": null,
        "117375": null,
        "117379": null,
        "117381": "Al Ras Car & Bus Rental Llc544",
        "117382": null,
        "117383": null,
        "117384": null,
        "117385": null,
        "117386": null,
        "117400": null,
        "117403": null,
        "117407": null,
        "117410": null,
        "117411": null,
        "117415": null,
        "117416": null,
        "117417": null,
        "117418": null,
        "117419": "General Tradered",
        "117422": null,
        "117424": "Xyz Traders",
        "117425": null,
        "117426": null,
        "117427": null,
        "117434": null,
        "117435": null,
        "117438": null,
        "117439": null,
        "117441": null,
        "117442": null,
        "117443": null,
        "117449": null,
        "117452": null,
        "117453": null,
        "117461": null,
        "117462": null,
        "117465": null,
        "117466": null,
        "117470": null,
        "117471": null,
        "117472": null,
        "117474": null,
        "117476": null,
        "117478": null,
        "117482": null,
        "117486": null,
        "117492": null,
        "117493": null,
        "117497": null,
        "117500": null,
        "117509": null,
        "117518": null,
        "117519": null,
        "117520": null,
        "117528": null,
        "117530": null,
        "117531": null,
        "117534": null,
        "117535": null,
        "117536": null,
        "117537": null,
        "117538": null,
        "117540": null,
        "117542": null,
        "117544": null,
        "117546": null,
        "117547": null,
        "117550": null,
        "117553": null,
        "117554": null,
        "117555": null,
        "117560": null,
        "117561": null,
        "117563": "Imran Khan",
        "117565": null,
        "117566": null,
        "117567": null,
        "117568": null,
        "117569": null,
        "117599": "Company Name",
        "117601": "Airtel Netwrk",
        "117603": null,
        "117604": "Nafessa Super Market",
        "117605": null,
        "117606": null,
        "117608": null,
        "117610": null,
        "117617": null,
        "117619": null,
        "117620": null,
        "117622": null,
        "117623": null,
        "117624": null,
        "117625": null,
        "117626": "Aaa Llc",
        "117627": null,
        "117628": null,
        "117630": null,
        "117631": null,
        "117632": "Abc Llc",
        "117636": null,
        "117637": null,
        "117639": null,
        "117640": "Tds Shipping Corp",
        "117641": null,
        "117643": null,
        "117644": "Aseem Traders",
        "117645": null,
        "117651": null,
        "117652": "Basheer Ahmed Company",
        "117653": null,
        "117654": "Altsense Industry",
        "117655": "Dhofar Test Client",
        "117659": null,
        "117661": null,
        "117662": "Hussain Traders",
        "117668": null,
        "117673": null,
        "117678": null,
        "117696": null,
        "117697": null,
        "117698": null,
        "117701": null,
        "117702": null,
        "TL5050": null
    }
}