{
    "total": 26,
    "rows": [{
            "date": "28/09/2019",
            "bankTrfno": "KHJFIB87925252",
            "finRefno": "Jhhhd-RFGTR-2018",
            "txnAmt": "AED 5,000.00",
            "outAmt": "AED 25,000.00"
           
        }, {
            "date": "28/09/2019",
            "bankTrfno": "KHJFIB87925252",
            "finRefno": "Jhhhd-RFGTR-2018",
            "txnAmt": "AED 5,000.00",
            "outAmt": "AED 25,000.00"
        },
        {
            "date": "28/09/2019",
            "bankTrfno": "KHJFIB87925252",
            "finRefno": "Jhhhd-RFGTR-2018",
            "txnAmt": "AED 5,000.00",
            "outAmt": "AED 25,000.00"
        }, {
            "date": "28/09/2019",
            "bankTrfno": "KHJFIB87925252",
            "finRefno": "Jhhhd-RFGTR-2018",
            "txnAmt": "AED 5,000.00",
            "outAmt": "AED 25,000.00"
        },
        {
            "date": "28/09/2019",
            "bankTrfno": "KHJFIB87925252",
            "finRefno": "Jhhhd-RFGTR-2018",
            "txnAmt": "AED 5,000.00",
            "outAmt": "AED 25,000.00"
        },
        {
            "date": "28/09/2019",
            "bankTrfno": "KHJFIB87925252",
            "finRefno": "Jhhhd-RFGTR-2018",
            "txnAmt": "AED 5,000.00",
            "outAmt": "AED 25,000.00"
        },
        {
            "date": "28/09/2019",
            "bankTrfno": "KHJFIB87925252",
            "finRefno": "Jhhhd-RFGTR-2018",
            "txnAmt": "AED 5,000.00",
            "outAmt": "AED 25,000.00"
        },
        {
            "date": "28/09/2019",
            "bankTrfno": "KHJFIB87925252",
            "finRefno": "Jhhhd-RFGTR-2018",
            "txnAmt": "AED 5,000.00",
            "outAmt": "AED 25,000.00"
        },
        {
            "date": "28/09/2019",
            "bankTrfno": "KHJFIB87925252",
            "finRefno": "Jhhhd-RFGTR-2018",
            "txnAmt": "AED 5,000.00",
            "outAmt": "AED 25,000.00"
        },
        {
            "date": "28/09/2019",
            "bankTrfno": "KHJFIB87925252",
            "finRefno": "Jhhhd-RFGTR-2018",
            "txnAmt": "AED 5,000.00",
            "outAmt": "AED 25,000.00"
        }
    ]
}