{
    "total": 26,
    "rows": [{
            "refNo": "FNOL_0000",
            "workerName": "test",
            "activity": "paymentreviewed",
            "lossDate": "24/04/89",
            "approvedDate": "25/09/1992",
            "status-open":"red"
        }, {
            "refNo": "FNOL_0000",
            "workerName": "test",
            "activity": "reviewed",
            "lossDate": "24/04/89",
            "approvedDate": "25/09/1992",
            "status-open":"blue"
        },
        {
            "refNo": "FNOL_0000",
            "workerName": "test",
            "activity": "reviewed",
            "lossDate": "24/04/89",
            "approvedDate": "25/09/1992",
            "status-open":"blue"
        }, {
            "refNo": "FNOL_0000",
            "workerName": "test",
            "activity": "reviewed",
            "lossDate": "24/04/89",
            "approvedDate": "25/09/1992",
            "status-open":"blue"
        },
        {
            "refNo": "FNOL_0000",
            "workerName": "test",
            "activity": "reviewed",
            "lossDate": "24/04/89",
            "approvedDate": "25/09/1992",
            "status-open":"blue"
        },
        {
            "refNo": "FNOL_0000",
            "workerName": "test",
            "activity": "reviewed",
            "lossDate": "24/04/89",
            "approvedDate": "25/09/1992",
            "status-open":"blue"
        },
        {
            "refNo": "FNOL_0000",
            "workerName": "test",
            "activity": "reviewed",
            "lossDate": "24/04/89",
            "approvedDate": "25/09/1992",
            "status-open":"blue"
        },
        {
            "refNo": "FNOL_0000",
            "workerName": "test",
            "activity": "reviewed",
            "lossDate": "24/04/89",
            "approvedDate": "25/09/1992",
            "status-open":"blue"
        },
        {
            "refNo": "FNOL_0000",
            "workerName": "test",
            "activity": "reviewed",
            "lossDate": "24/04/89",
            "approvedDate": "25/09/1992",
            "status-open":"blue"
        },
        {
            "refNo": "FNOL_0000",
            "workerName": "test",
            "activity": "reviewed",
            "lossDate": "24/04/89",
            "approvedDate": "25/09/1992",
            "status-open":"blue"
        }
    ]
}